,exp_risk,exp_return
MDLZ,0.1945046479428654,-0.06098032623563888
ORLY,0.255442282025909,-0.20042375079588226
VRTX,0.2764401984511296,-0.3369112017186785
PEP,0.1764003955948101,-0.02766151952858573
PCAR,0.25125239926645027,-0.20040081920747568
AMGN,0.20914723760259474,-0.1600572314398514
